;meta[language=it]
; id      |key(hex)|key(str)| text
2110992000|4d5f8b0c||Mods
2110992001|818b6a6e||Ghost Mode
2110992002|205aa5f5||Modificatore salute nemici
2110992003|a570c302||Modificatore danni nemici
2110992004|be5d891f||Livellamento nemici
2110992005|c33062be||Nessuno
2110992006|cffa3a49||Aumenta livello
2110992007|a2c796ff||Partita
2110992008|645abb61||Modificatore di salute aggiuntivo per i boss
2110992009|e970d86e||Modificatore danni aggiuntivi per i boss
2110992013|cdb77880||Resistenza al gelo
2110992014|99a2fd83||Riduzione della resistenza ai danni del nemico
2110992015|c4ea0ecf||Durata della pozione
2110992016|c332a7b0||Lieve aumento del livello
2110992017|1662935c||Danno per colpo (argento)
2110992018|4f1d703c||Danno per colpo (acciaio)
2110992019|f38f5b36||Danni fiammata continua per sec
2110992020|6a994712||Trappole magiche
2110992021|cc57bcc3||Danni trappola magica
2110992022|60b53abe||Durata torretta magica
2110992023|8594f9d5||Cariche torretta magica
2110992024|1e6cbb19||Danni torretta magica
2110992025|ee530dcc||Ritorno danni
2110992026|e379a123||Scudo attivo assorbimento danni
2110992027|27282d9d||Probabilità Axii
2110992028|8566fddf||Potenza attacco rapido
2110992029|7a3d2c04||Potenza attacco potente
2110992030|a3e34c39||Assorbimento danni
2110992034|40aed692||Probabilità colpo critico contro Bestie
2110992035|c8957121||Probabilità colpo critico contro Maledetti
2110992036|79a23d6e||Probabilità colpo critico contro Draconidi
2110992037|d33fe160||Probabilità colpo critico contro Umani
2110992038|f261a80b||Probabilità colpo critico contro Ibridi
2110992039|97466e95||Probabilità colpo critico contro Insettoidi
2110992040|4bfdf9ea||Probabilità colpo critico contro Costrutti
2110992041|016d02ed||Probabilità colpo critico contro Necrofagi
2110992042|9c73a4a6||Probabilità colpo critico Ancestrali
2110992043|c3702fb9||Probabilità colpo critico Spettri
2110992044|cd868a1a||Probabilità colpo critico Orchi
2110992045|42229941||Probabilità colpo critico Vampiri
2110992046|4fa6c42d||Potenza colpo critico contro Bestie
2110992047|df4cf77c||Potenza colpo critico contro Maledetti
2110992048|f7d09609||Potenza colpo critico contro Draconidi
2110992049|810bfc7b||Potenza colpo critico contro Umani
2110992050|6b0ad6e6||Potenza colpo critico contro Ibridi
2110992051|6adf0df0||Potenza colpo critico contro Insettoidi
2110992052|0cf40585||Potenza colpo critico contro Costrutti
2110992053|69eb0048||Potenza colpo critico contro Necrofagi
2110992054|2e15b341||Potenza colpo critico contro Ancestrali
2110992055|17546414||Potenza colpo critico contro Spettri
2110992056|b4fbb1b5||Potenza colpo critico contro Orchi
2110992057|d123879c||Potenza colpo critico contro Vampiri
2110992058|c8d4450c||Riduzione resistenza danni contro Bestie
2110992059|4b1b4cdd||Riduzione resistenza danni contro Maledetti
2110992060|da69abb0||Riduzione resistenza danni contro Draconidi
2110992061|83b5dcfe||Riduzione resistenza danni contro Umani
2110992062|5da28e33||Riduzione resistenza danni contro Ibridi
2110992063|ca4463e9||Riduzione resistenza danni contro Insettoidi
2110992064|d14fa0b4||Riduzione resistenza danni contro Costrutti
2110992065|8b85ee91||Riduzione resistenza danni contro Necrofagi
2110992066|0ecc4f78||Riduzione resistenza danni contro Ancestrali
2110992067|64e2d545||Riduzione resistenza danni contro Spettri
2110992068|111c7e84||Riduzione resistenza danni contro Orchi
2110992069|5a3c18bd||Riduzione resistenza danni contro Vampiri
2110992070|d25344ee||Potenza d'attacco contro Umani
2110992071|da7e5ba4||Ogni pezzo di armatura leggere aumenta la probabilità di colpo critico del $S$% e la potenza del colpo critico del $S$%.
2110992072|da7e5ba6||Ogni pezzo di armatura pesante aumenta la vitalità massima del $S$%, il danno inflitto dagli attacchi in mischia concede ulteriori $S$ Punti Adrenalina per ogni pezzo di armatura pesante.
2110992073|163a8e78||Aumenta probabilità di causare incenerimento del $I$%.
2110992074|3c4a6af2||Danno attacco potente
2110992075|5806ca6e||Danno critico attacco potente
2110992076|69d8dd89||Danno critico attacco rapido
2110992077|89dfeac9||Probabilità colpo critico attacco rapido
2110992078|bc4297c4||Probabilità colpo critico attacco potente
2110992079|d23992f7||Danno attacco rapido
2110992080|2e06698e||Danno critico attacco potente
2110992081|3375c4a9||Danno critico attacco rapido
2110992082|73d42fa9||Probabilità colpo critico attacco rapido
2110992083|b08bd7d2||Danno attacco potente
2110992084|c7b0b7d7||Danno attacco rapido
2110992085|fa3924a4||Probabilità colpo critico attacco potente
2110992090|6c1d3ba3||Le bombe vengono lanciate senza alcun ritardo e possono infliggere danni critici. Ogni pezzo del set aumenta la probabilità di colpo critico delle bombe del $S$% (Bonus attuale: $S$%) e la potenza del colpo critico del $S$% (Bonus attuale: $S$%).
2110992091|85e8fbd1||Ogni pezzo del set aumenta l'efficacia di un unguento applicato a una spada del $S$% (Bonus attuale: $S$%).
2110992092|1f70c024||Gli attacchi rapidi hanno una probabilità del $S$% di applicare l'effetto sanguinamento. Il danno finale inflitto dagli attacchi rapidi ai nemici sotto effetto sanguinamento è aumentato del $S$%.
2110992093|71d0c5a6||Modalità segno alternativo:<br>Infligge $I$ punti danno ai nemici entro un raggio di $I$ metri. Il danno scala con l'intensità del Segno (danno attuale: $I$). Ignora l'armatura nemica. Distrugge i proiettli che passano in quest'area. Dura per $I$s. Cariche torretta - $I$.
2110992094|71d0c5a5||Modalità segno alternativo:<br>Infligge $I$ punti danno ai nemici entro un raggio di $I$ metri. Il danno scala con l'intensità del Segno (danno attuale: $I$). Ignora l'armatura nemica. Distrugge i proiettli che passano in quest'area. Dura per $I$s. Cariche torretta - $I$.
2110992095|163a8e72||Modalità segno alternativo:<br>Infligge $I$ punti danno ai nemici entro un raggio di $I$ metri. Il danno scala con l'intensità del Segno (danno attuale: $I$). Ignora l'armatura nemica. Distrugge i proiettli che passano in quest'area. Dura per $I$s. Cariche torretta - $I$.
2110992096|b1173fc9||Due avversari possono essere influenzati da Axii nello stesso momento. La durata dell'effetto diminuisce del $I$%.
2110992097|c8467d3c||Due avversari possono essere influenzati da Axii nello stesso momento. La durata dell'effetto diminuisce del $I$%.
2110992098|c8467d3d||Due avversari possono essere influenzati da Axii nello stesso momento. La durata dell'effetto non diminuisce.
2110992099|1f70c022||Each Adrenaline Point adds $I$% to the chance of killing an opponent instantly when countering (up to $I$% max).
2110992102|1f70c021||L'attacco potente che passa attraverso blocchi, armature e scudi può atterrare i nemici. Se sono disponibili $S$ Punti Adrenalina, crea una potente onda d'urto che danneggia i nemici in un raggio di $S$-metri, questi vengono storditi o atterrati. Aumenta i danni dell'arma del $S$%. Ogni punto Vigore e Adrenalina speso aumenta ulteriormente il danno dell'arma: rispettivamente del $S$% e $S$% (fino a un max del $S$% ). La probabilità di colpo critico è aumentata del $S$%.
2110992103|1f70c020||Spinning attack that strikes all foes in the surrounding area. Maintaining the attack consumes $S$ Stamina. During the attack Adrenaline is drained at a speed of $S$ pts/sec. While performing the attack at non-zero Adrenaline, Attack Power is increased by $S$% per additional attacker (max. $S$%) and damage received is decreased by $S$%.
2110992104|064143d3||Spinning attack that strikes all foes in the surrounding area. Maintaining the attack consumes $S$ Stamina. During the attack Adrenaline is drained at a speed of $S$ pts/sec. While performing the attack at non-zero Adrenaline, Attack Power is increased by $S$% per additional attacker (max. $S$%) and damage received is decreased by $S$%.
2110992105|6f2a6f0f||Guadagno Adrenalina
2110992106|739e1e2c||I colpi veloci in successione aggiungono +$S$% alla Potenza di Attacco per ogni pezzo del set (currently +$S$%), fino a +$S$% max. Terminare la catena di colpi veloci in successione con un colpo potente scarica la spada raddoppiando l'attuale bonus alla potenza d'attacco. Il bonus si azzera quando la catena di colpi si ferma e alla fine del combattimento.
2110992107|8ed43e3e||Lanciare un segno riduce il costo di Vigore di tutte le azioni successive del $S$% per ogni pezzo del set. Bonus corrente: $S$%. Dura per $S$ sec.
2110992108|8ed43e3f||La dimensione delle trappole Yrden è aumentata del $S$%. Mentre sei all'interno di una trappola Yrden, l'intensità del segno aumenta del $S$% e la resistenza ai danni aumenta del $S$%.
2110992109|739e1e2d||I colpi critici con una spada raddoppiano il guadagno di Adrenalina.
2110992110|328ae462||Probabilità atterramento
2110992111|c3f538a3||Crossbow bolts deal $S$% more base damage and will pierce and either stun or knock down opponents. Opponents at full health lose $S$% of their health when shot. If at non-zero toxicity, time slows down by additional $S$% when aiming with a crossbow.
2110992112|925f2058||Inarrestabilità
2110992113|c1e6a9cc||Quando la Vitalità raggiunge lo zero, i Punti Adrenalina verranno consumati per prevenire la morte e concede l'invunerabilità e una maggiore rigenerazione di vitalità per $S$s. Ripristina il $S$% di vitalità per Punto Adrenalina(Max $S$%). Può essere attivato una volta ogni $S$s.
2110992114|c1e6a9cb||Quando la Vitalità raggiunge lo zero, i Punti Adrenalina verranno consumati per prevenire la morte concedendo l'invunerabilità e una maggiore rigenerazione di vitalità per $S$s. Ripristina il $S$% di vitalità per Punto Adrenalina(Max $S$%). Può essere attivato una volta ogni $S$s.
2110992115|cea74418||Quando la Vitalità raggiunge lo zero, i Punti Adrenalina verranno consumati per prevenire la morte concedendo l'invunerabilità e una maggiore rigenerazione di vitalità per $S$s. Ripristina il $S$% di vitalità per Punto Adrenalina(Max $S$%). Può essere attivato una volta ogni $S$s.
2110992116|cea74430||La Potenza di attacco degli attacchi rapidi è aumentata del $S$%. Il guadagno di adrenalina per gli attacchi veloci è aumentato del $S$%.
2110992117|1f70c023||La Potenza di attacco degli attacchi potenti è aumentata del $S$%. L'guadagno di adrenalina per gli attacchi potenti è aumentato del $S$%.
2110992118|cea74417||Aumenta la probabilità di colpo critico dell'attacco rapido del $I$% e la potenza del colpo critico dell'attacco rapido del $I$%
2110992119|1f70c027||Aumenta la probabilità di colpo critico dell'attacco potente del $I$% e la potenza del colpo critico dell'attacco potente del $I$%
2110992120|c1e68bc4||I danni ricevuti da parate parziali e contrattacchi sono ridotti del $I$% aggiuntivo (fino al $I$% totale). Le parate perfette riflettono le frecce alla schiena, il danno sulle frecce riflesse è aumentato del $I$%. Quando ci sono più nemici in giro, il costo della parata viene ridotto del $I$%.
2110992121|c1e68f84||Aumenta la potenza del contrattacco del $I$% e le probabilità di colpo critico del $I$%.
2110992122|c1e68f85||Increases counterattack power by $I$% and critical hit chance by $I$%. Each Adrenaline Point grants $I$% knockdown chance when countering (up to $I$% max).
2110992123|cea74411||Aumenta la potenza del contrattacco del $I$%.
2110992124|cf2b2da2||Scudo protettivo che assorbe fino al $I$% del danno inflitto dall'arma nemica. Assorbimento del danno base: $I$. Scala con l'intensità del Segno. Assorbimento attuale: $I$. Previene gli effetti di vacillamento, incenerimento, avvelenamento e sanguinamento (e quindi si rompe). <br>Durata scudo: $I$s.
2110992125|163a8e77||Igni hit now also decreases enemy Armor by $S$ point(s) and enemy Damage Resistances by $S$% (scales with Sign Intensity) for $S$ sec. Subsequently applied effects do not cumulate.
2110992126|cf2b2da0||Un Esplosione di fuoco che infligge $I$ punti danno con il $I$% di probabilità di incenerire i nemici. Il danno scala con l'intensità del Segno. Danno attuale: $I$.
2110992127|163a8e71||Modalità Alternativa Segno:<br>Sprigiona una fiammata continua e mirata che provoca incenerimento e infligge $I$ punti danni al secondo. Il danno scala con l'intensità del Segno (danno attuale: $I$). Consuma $I$ punti Vigore al secondo.
2110992128|71d0c1e4||Modalità Alternativa Segno:<br>Sprigiona una fiammata continua e mirata che provoca incenerimento e infligge $I$ punti danni al secondo. Il danno scala con l'intensità del Segno (danno attuale: $I$). Consuma $I$ punti Vigore al secondo.
2110992129|71d0c1e5||Modalità Alternativa Segno:<br>Sprigiona una fiammata continua e mirata che provoca incenerimento e infligge $I$ punti danni al secondo. Il danno scala con l'intensità del Segno (danno attuale: $I$). Consuma $I$ punti Vigore al secondo.
2110992130|163a8e75||Aard adesso infligge $I$ danni. I danni scalano con intensità del Segno. Danno attuale: $I$.
2110992131|b3c8ebb8||Torretta Magica
2110992132|b1173fc0||La durata della trappola magica aumenta del $I$%.
2110992133|40851a25||La durata della trappola magica aumenta del $I$%. Il raggio della trappola magica aumenta del $I$%.
2110992134|b1173fc1||Aumenta il danno finale subito per tutti i nemici all'interno della trappola Yrden del $S$%.
2110992135|c84666b6||Lo scudo Quen spinge indietro i nemici e infligge $I$ punti danno quando si infrange. Il danno scala con intensità del Segno (danno corrente: $I$).
2110992136|c84666b7||Lo scudo Quen spinge indietro i nemici con una probabilità di atterrare e infliggere $I$ punti danno quando si infrange.
2110992137|163a8e73||Modalità alternativa Segno:<br>Uno scudo attivo che assorbe fino al 100% dei danni inflitti dall'arma nemica. L'assorbimento del danno base è maggiore del $I$% . Il suo mantenimento consuma $I$ Punti Vigore al secondo. Gli attacchi bloccati riducono il Vigore in proporzione al danno assorbito. Ripristina Vitalità del $I$% del danno assorbito. Previene gli effetti di vacillamento, incenerimento, avvelenamento e sanguinamento. Previene l'atterramento (e quindi si rompe).
2110992138|71d0c966||Modalità alternativa Segno:<br>Uno scudo attivo che assorbe fino al 100% dei danni inflitti dall'arma nemica. L'assorbimento del danno base è maggiore del $I$% . Il suo mantenimento consuma $I$ Punti Vigore al secondo. Gli attacchi bloccati riducono il Vigore in proporzione al danno assorbito. Ripristina Vitalità del $I$% del danno assorbito. Previene gli effetti di vacillamento, incenerimento, avvelenamento e sanguinamento. Previene l'atterramento (e quindi si rompe).
2110992139|71d0c967||Modalità alternativa Segno:<br>Uno scudo attivo che assorbe fino al 100% dei danni inflitti dall'arma nemica. L'assorbimento del danno base è maggiore del $I$% . Il suo mantenimento non consuma Vigore. Gli attacchi bloccati riducono il Vigore in proporzione al danno assorbito. Ripristina Vitalità del $I$% del danno assorbito. Previene gli effetti di vacillamento, incenerimento, avvelenamento e sanguinamento. Previene l'atterramento (e quindi si rompe).
2110992140|15dda916||L'unguento appropiato applicato alle lame da una probabilità del $I$% di avvelenare il bersaglio con ogni colpo. L'Unguento Migliorato aumenta questa probabilità del $I$% e l'Unguento Superiore - del $I$%. L'efficacia diminuisce con lo sfregamento dell'unguento dalla lama (fino al $I$% del valore originale).
2110992141|15dda91a||Se la tossicità è superiore a zero, il tempo rallenta automaticamente del $S$% per $S$ sec quando un nemico sta per eseguire un contrattacco. Aumenta la potenza d'attacco e l'intensità del segno del $S$% quando la tossicità supera la soglia di sicurezza.
2110992142|1517d64d||Se la tossicità è superiore a zero, il tempo rallenta automaticamente del $S$% per $S$ sec quando un nemico sta per eseguire un contrattacco. Aumenta la potenza d'attacco e l'intensità del segno del $S$% quando la tossicità supera la soglia di sicurezza.
2110992143|1517d64e||Se la tossicità è superiore a zero, il tempo rallenta automaticamente del $S$% per $S$ sec quando un nemico sta per eseguire un contrattacco. Aumenta la potenza d'attacco e l'intensità del segno del $S$% quando la tossicità supera la soglia di sicurezza.
2110992145|329005f0||Ti permette di eseguire potenti attacchi in mischia che aggiungono +$I$% al danno dell'arma e +$I$ alla Penetrazione Armatura.
2110992148|bab1daf5||Increases Vitality drain on overdosing by $S$% for every 1 point in your Toxicity level (current Vitality drain value: $S$ pts; max value: $S$ pts). The amount of Vitality you lose when overdosing is added to your base weapon and Sign damage.
2110992149|c3f5389c||Signs can deal critical hits. Their critical hit chance and power are determined by Sign Intensity (current critical hit chance -  $S$%, critical hit power bonus - $S$%). Opponents killed by critical hits from Signs explode.
2110992150|c3f538a0||Quando il Segno Aard viene lanciato, ha una probabilità del $S$% di congelare i nemici. I nemici affetti contemporaneamente da atterramento e congelamento muoiono immediatamente. I nemici non congelati ricevono $S$ danni aggiuntivi. Il danno scala con intensità del Segno. Danno attuale: $S$.
2110992151|cf2b2da1||Trappola magica che rallenta i nemici del $S$% all'interno della sua area di effetto (scala con intensità del segno, il rallentamento massimo è limitato del $S$%). Durata trappola: $S$s. Più a lungo rimane, meno efficiente diventa.
2110992152|c3f538a1||While in combat you alternate between two states: Rush state that doubles your Adrenaline gain for $S$ sec and gives additional +$S$% to Attack Power and Sign Intensity per Adrenaline Point and Recovery state that halves your Adrenaline gain for $S$ sec and gives -$S$% to the same characteristics for each Adrenaline point gained during the Rush state.
2110992153|c32e766a||Bonus potenza colpo critico
2110992154|28838f82||Penetrazione armatura
2110992155|f35fcb73||Penetrazione armatura
2110992156|0147942a||Rigenerazione Vitalità fuori dal combattimento.
2110992157|a83467f6||Rigenerazione Vitalità durante il combattimento.
2110992158|c95c6e28||Quando alla massima Vitalità, un'ulteriore rigenerazione della Vitalità aumenta il danno dell'arma del $I$% per 1% di eccesso di Vitalità guadagnato (fino a +$I$%). Funziona solo in combattimento. Ripristina i danni subiti e i danni inflitti.
2110992159|ccc61f66||Qualsiasi alimento consumato ha una durata maggiore del $I$%.
2110992160|22156cd6||When Yrden Magic Turret hits an enemy, an Yrden Magic Trap is placed at that position. Size, duration and slowdown for such a trap are unaffected by Yrden Intensity and upgrades and limited to $S$ yards, $S$ sec and $S$% respectively.
2110992161|4a0f3f56||Danno Segno
2110992162|4f424deb||Danno arma
2110992163|7968d6e0||Congela i nemici. I colpi inferti a nemici congelati infliggono un ulteriore danno. Durata estesa.
2110992164|b02a28c2||Aumento danno
2110992165|9e58d1f5||Aumenta l'intensità del Segno. Durata estesa. Gli effetti speciali dei segni sono aumentati di un-terzo.
2110992166|329005f3||Il danno inflitto durante il combattimento ravvicinato genera punti Adrenalina. Ogni Punto Adrenalina aumenta la potenza di attacco del $I$%.
2110992167|d11e5fa2||Potenza colpo critico attacco rapido  
2110992168|3018409d||Potenza colpo critico attacco potente 
2110992169|25746309||Geralt è ben rasato adesso.
2110992170|329005f2||Ti permette di brandire una balestra leggera in mano. I colpi non inferti alla testa infliggono il 50% di danni in meno.
2110992171|5f63dbf5||Attiva la creazione di bombe che possono essere lanciate contro i nemici. I lanci non mirati infliggono il 50% di danni in meno.
2110992172|754d1891||In aggiunta ai consueti effetti di battaglia, ogni Punto Adrenalina aumenta anche l'intensita del Segno del $I$%. L'uso dei segni ora genera la stessa quantità di Punti Adrenalina di quando si usano le spade.
2110992173|04bda90f||Usato per la rasatura.
2110992174|da7e5ba5||Ogni pezzo di armatura media aumenta l'Intensità del Segno del $S$% e diminuisce il costo in Vigore del segno lanciato del $S$%.
2110992175|b1173fc7||Il tempo viene rallentato ulteriormente del $I$% durante il lancio di Axii. La possibilità di colpire criticamente un avversario confuso è aumentata del $I$%. Aumenta l'efficacia di Axii nei dialoghi.
2110992176|c84675ba||Il tempo viene rallentato ulteriormente del $I$% durante il lancio di Axii. La possibilità di colpire criticamente un avversario confuso è aumentata del $I$%. Aumenta l'efficacia di Axii nei dialoghi.
2110992177|c84675bb||Il tempo viene rallentato ulteriormente del $I$% durante il lancio di Axii. La possibilità di colpire criticamente un avversario confuso è aumentata del $I$%. Aumenta l'efficacia di Axii nei dialoghi.
2110992178|56747c57||Accellera la rigenerazione della Vitalità. La rigenerazione della Vitalità non si ferma dopo aver subbito un danno.
2110992179|b9aff26b||L'ingombro del tuo inventario è troppo alto.
2110992180|b66cd6f6||La barca affonda se l'ingombro dell'inventario è troppo alto
2110992181|b48e9483||Oltre il limite d'ingombro la barca affonda(%)
2110992182|cccbd483||Cambia modalità
2110992183|2bf0877e||Riduci ingombro oggetti (%)
2110992184|d0b08830||Modalità inventario del giocatore
2110992185|973a8234||Modalità scorta
2110992186|c7b4d16e||Modalità inventario misto
2110992187|7e63c963||Modalità sincronizzata
2110992188|e71d7c90||Aumenta la Vitalità base di Geralt di $S$ punti con ogni nemico ucciso.
2110992189|d3510d11||Contiene schegge d'argento che bloccano o indeboliscono temporaneamente le abilità di trasformazione e rigenerazione dei mostri.
2110992190|d3510d12||Contiene schegge d'argento che bloccano o indeboliscono temporaneamente le abilità di trasformazione e rigenerazione dei mostri. Durata estesa.
2110992191|d3510d13||Contiene schegge d'argento che bloccano o indeboliscono temporaneamente le abilità di trasformazione e rigenerazione dei mostri. Durata estesa.
2110992192|08eace65||Aumenta l'efficacia di attacco contro insettoidi. L'efficacia dell'unguento diminuisce con l'usura della lama.
2110992193|08eace66||Aumenta l'efficacia di attacco contro insettoidi. L'efficacia dell'unguento diminuisce con l'usura della lama.
2110992194|08eace67||Aumenta l'efficacia di attacco contro insettoidi. L'efficacia dell'unguento diminuisce con l'usura della lama.
2110992195|3a67f159||Aumenta l'efficacia di attacco contro i maledetti. L'efficacia dell'unguento diminuisce con l'usura della lama.
2110992196|3a67f15a||Aumenta l'efficacia di attacco contro i maledetti. L'efficacia dell'unguento diminuisce con l'usura della lama.
2110992197|3a67f15b||Aumenta l'efficacia di attacco contro i maledetti. L'efficacia dell'unguento diminuisce con l'usura della lama.
2110992198|65067e25||Aumenta l'efficacia di attacco contro i necrofagi. L'efficacia dell'unguento diminuisce con l'usura della lama.
2110992199|65067e26||Aumenta l'efficacia di attacco contro i necrofagi. L'efficacia dell'unguento diminuisce con l'usura della lama.
2110992200|65067e27||Aumenta l'efficacia di attacco contro i necrofagi. L'efficacia dell'unguento diminuisce con l'usura della lama.
2110992201|7b1c29c3||Aumenta l'efficacia di attacco contro gli ibridi. L'efficacia dell'unguento diminuisce con l'usura della lama.
2110992202|7b1c29c4||Aumenta l'efficacia di attacco contro gli ibridi. L'efficacia dell'unguento diminuisce con l'usura della lama.
2110992203|7b1c29c5||Aumenta l'efficacia di attacco contro gli ibridi. L'efficacia dell'unguento diminuisce con l'usura della lama.
2110992204|88e86911||Aumenta l'efficacia di attacco contro i vampiri. L'efficacia dell'unguento diminuisce con l'usura della lama.
2110992205|88e86912||Aumenta l'efficacia di attacco contro i vampiri. L'efficacia dell'unguento diminuisce con l'usura della lama.
2110992206|88e86913||Aumenta l'efficacia di attacco contro i vampiri. L'efficacia dell'unguento diminuisce con l'usura della lama.
2110992207|aed490e2||Aumenta l'efficacia di attacco contro i costrutti. L'efficacia dell'unguento diminuisce con l'usura della lama.
2110992208|aed490e3||Aumenta l'efficacia di attacco contro i costrutti. L'efficacia dell'unguento diminuisce con l'usura della lama.
2110992209|aed490e4||Aumenta l'efficacia di attacco contro i costrutti. L'efficacia dell'unguento diminuisce con l'usura della lama.
2110992210|d11afcde||Aumenta l'efficacia di attacco contro umani, elfi, nani e halflings. L'efficacia dell'unguento diminuisce con l'usura della lama.
2110992211|d11afcdf||Aumenta l'efficacia di attacco contro umani, elfi, nani e halflings. L'efficacia dell'unguento diminuisce con l'usura della lama.
2110992212|d11afce0||Aumenta l'efficacia di attacco contro umani, elfi, nani e halflings. L'efficacia dell'unguento diminuisce con l'usura della lama.
2110992213|ea1a3189||Aumenta l'efficacia di attacco contro gli spettri. L'efficacia dell'unguento diminuisce con l'usura della lama.
2110992214|ea1a318a||Aumenta l'efficacia di attacco contro gli spettri. L'efficacia dell'unguento diminuisce con l'usura della lama.
2110992215|ea1a318b||Aumenta l'efficacia di attacco contro gli spettri. L'efficacia dell'unguento diminuisce con l'usura della lama.
2110992216|ef649cfe||Aumenta l'efficacia di attacco contro i draconidi. L'efficacia dell'unguento diminuisce con l'usura della lama.
2110992217|ef649cff||Aumenta l'efficacia di attacco contro i draconidi. L'efficacia dell'unguento diminuisce con l'usura della lama.
2110992218|ef649d00||Aumenta l'efficacia di attacco contro i draconidi. L'efficacia dell'unguento diminuisce con l'usura della lama.
2110992219|f8b46c36||Aumenta l'efficacia di attacco contro gli ancestrali. L'efficacia dell'unguento diminuisce con l'usura della lama.
2110992220|f8b46c37||Aumenta l'efficacia di attacco contro gli ancestrali. L'efficacia dell'unguento diminuisce con l'usura della lama.
2110992221|1ff07bf8||Aumenta l'efficacia di attacco contro gli ancestrali. L'efficacia dell'unguento diminuisce con l'usura della lama.
2110992222|7753393f||Aumenta l'efficacia di attacco contro gli orchi. L'efficacia dell'unguento diminuisce con l'usura della lama.
2110992223|77533940||Aumenta l'efficacia di attacco contro gli orchi. L'efficacia dell'unguento diminuisce con l'usura della lama.
2110992224|77533941||Aumenta l'efficacia di attacco contro gli orchi. L'efficacia dell'unguento diminuisce con l'usura della lama.
2110992225|c0218f12||Aumenta l'efficacia di attacco contro gli orchi. L'efficacia dell'unguento diminuisce con l'usura della lama.
2110992226|c0218f13||Aumenta l'efficacia di attacco contro gli orchi. L'efficacia dell'unguento diminuisce con l'usura della lama.
2110992227|c0218f14||Aumenta l'efficacia di attacco contro gli orchi. L'efficacia dell'unguento diminuisce con l'usura della lama.
2110992228|dd8e2b22||Aumenta l'efficacia di attacco contro le bestie. L'efficacia dell'unguento diminuisce con l'usura della lama.
2110992229|dd8e2b23||Aumenta l'efficacia di attacco contro le bestie. L'efficacia dell'unguento diminuisce con l'usura della lama.
2110992230|dd8e2b24||Aumenta l'efficacia di attacco contro le bestie. L'efficacia dell'unguento diminuisce con l'usura della lama.
2110992231|de026195||Elimina la Tossicità e gli effetti delle pozioni attive.
2110992232|de026196||Elimina la Tossicità e gli effetti delle pozioni attive.
2110992233|de026197||Elimina la Tossicità e gli effetti delle pozioni attive.
2110992234|f8b46c38||Aumenta l'efficacia di attacco contro gli ancestrali.
2110992235|874e9f88||Permette di vedere nel buio più totale e concede l'immunità all'ipnosi. Durata estesa.
2110992237|fe608837||Infligge danni da schegge ai nemici nel suo raggio di esplosione. Infligge anche danni da fuoco. Effetto potenziato. Distrugge lo scudo nemico. Distrugge i nidi dei mostri.
2110992239|3ed03538||Durata fuori dalla nube
2110992240|874e9f87||Permette di vedere nel buio più totale. Durata estesa.
2110992241|e71d7c8e||Tutti i tuoi attacchi in mischia costano il $S$% di Vigore in più. L'attacco in mischia sferrato con successo riduce ulteriormente la salute della vittima del $S$% del suo valore attuale per ogni punto Vigore speso nell'attacco.
2110992242|fc921527||Ogni Mutagene Verde Minore equipaggiato aumenta il tasso di rigenerazione della vitalità di $S$/sec. Il Mutagene Verde aumenta il bonus a $S$/sec e il Mutagene Verde Maggiore - a $S$/sec.
2110992243|e71d7c93||Ogni Mutagene Blu Minore equipaggiato aumenta i danni base inflitti dai segni di $S$ punti. Il Mutagene Blu aumenta il bonus a $S$ e il Mutagene Blu Maggiore - a $S$.
2110992244|fc921524||Aumenta la resistenza dei witcher al sanguinamento, incenerimento, effetti veleno e danni da fuoco e avvelenamento del $I$%.
2110992245|fc921525||Rigenera la Vitalità del $S$% per ogni punto Vigore speso. Funziona solo durante il combattimento.
2110992246|e71d7c91||Rigenera la Vitalità del $S$% del danno inflitto a un nemico.
2110992247|fc921505||Lanciare un segno aumenta la tua Potenza di Attacco in mischia del $I$% (max $I$%). Si azzera dopo aver inflitto danno da mischia e alla fine del combattimento.
2110992248|fc921509||I nemici controllati da Axii infliggono il $I$% di danni in più.
2110992249|fc921526||Lanciare un Segno in combattimento aumenta l'Intensità del Segno del $S$% (max $S$%). Essere colpiti riduce il bonus proporzionalmente al danno ricevuto: $S$% per 1% di salute persa. Si ripristina alla fine del combattimento.
2110992250|8cb0734c||Livellamento casuale: limite inferiore(rispetto il livello del giocatore)
2110992251|f958bbfa||Livellamento casuale: limite superiore(rispetto il livello del giocatore)
2110992252|beb0cec9||Casuale
2110992253|09d75838||Disabilita livelli quest
2110992254|82df1e7b||Non alzare il livello degli animali
2110992255|940edcea||Casuale senza diminuire i livelli
2110992256|256ad6b4||Contiene informazione inutili.
2110992257|2b555f18||Creazione componenti
2110992258|25691b0a||Può essere venduto ai mercanti o smontato.
2110992259|b91d9859||Può essere venduto ai mercanti
2110992260|7fd2ce90||Può essere venduto per una notevole somma o smontato.
2110992261|4e7c5cf1||Inventario
2110992262|cbb62004||Ricarica Inarrestabilità
2110992263|80038142||Modificatore rigenerazione Vigore
2110992264|2d9ff292||Probabilità di rimanere in equilibrio quando colpito
2110992265|2eaeb09b||Probabilità di far rimbalzare una freccia
2110992266|cb404984||Strumenti fabbro maestro
2110992267|29e78e8a||Forgia strumenti utilizzati dal fabbro maestro. Aumenta permanentemente il danno dell'arma.
2110992268|fcf7e421||Strumenti armaiolo maestro
2110992269|ad70e65b||Forgia strumenti utilizzati dall'armaiolo maestro. Aumenta permanentemente il valore dell'armatura.
2110992270|b5a7442f||Modificatore esperienza quest
2110992271|773c6a77||Modificatore esperienza in combattimento
2110992272|7641d6c5||Probabilità atterramento
2110992273|b1173fc2||Aumenta le probabilità di atterramento di base del $I$%.
2110992274|163a8e76||Aggiunge $I$ punti danni da fuoco e $I$ punti ai danni di fiammata al sec. Scala con l'Intensità del Segno.
2110992275|b1173fc6||Aggiunge $I$ punti danno alla Torretta Magica. Scala con l'Intensità del Segno.
2110992276|b1173fc5||Aggiunge $I$ punti all'assorbimento danno dello scudo. Scala con l'Intensità del Segno.
2110992277|9246181a||Durata confusione
2110992278|b72fae71||Durata controllo
2110992279|163a8e70||Modalità Segno Alternativo:<br> Aard colpisce tutti gli avversari nel raggio di azione. L'intensità del Segno è inferiore del $I$% in questa modalità.
2110992280|71d0be23||Modalità Segno Alternativo:<br> Aard colpisce tutti gli avversari nel raggio di azione. L'intensità del Segno è inferiore del $I$% in questa modalità.
2110992281|71d0be24||Modalità Segno Alternativo:<br> Aard colpisce tutti gli avversari nel raggio di azione. Intensità del Segno non viene abbassata in questa modalità.
2110992282|71d0d0e8||Aard adesso infligge $I$ danni. Il danno scala con l'intensita del Segno. Danno attuale: $I$.
2110992283|71d0d0e9||Aard adesso infligge $I$ danni. Il danno scala con l'intensita del Segno. Danno attuale: $I$.
2110992284|cf2b2d9f||Un'esplosione diretta di energia telecinetica che fa vacillare gli avversari e ha una probabilità del $I$% di atterramento. Probabilità di atterramento pesante è del $I$%. Le probabilità aumentano con l'intensità del segno e aumentano se il nemico ha poco vigore. Atterramento pesante attiva la mossa finale.
2110992286|cf2b2da3||Incanta la mente di un avversario, confondendolo ed eliminandolo temporaneamente dal combattimento. I tentativi falliti di Axii causano vacillamento all'avversario. Fornisce una probabilità del $S$% di colpire in modo critico un nemico confuso. Ha una probabilità del $S$% di innescare una mossa finale o smembramento (scala con Intensità del Segno e gravità del danno). <br>Durata confusione: $S$ secondi (scala con l'Intensità del Segno).
2110992287|b1173fc8||La durata dell'effetto di Axii è aumentata del $I$%.
2110992288|163a8e74||Modalità Segno Alternativo:<br> il nemico bersaglio diventa un alleato per $I$s e guadagna un bonus alla forza di attacco del $I$%. La durata dell'effetto scala con l'intensità del Segno. Durata attuale: $I$s.
2110992289|71d0cd27||Modalità Segno Alternativo:<br> il nemico bersaglio diventa un alleato per $I$s e guadagna un bonus alla forza di attacco del $I$%. La durata dell'effetto scala con l'intensità del Segno. Durata attuale: $I$s.
2110992290|71d0cd28||Modalità Segno Alternativo:<br> il nemico bersaglio diventa un alleato per $I$s e guadagna un bonus alla forza di attacco del $I$%. La durata dell'effetto scala con l'intensità del Segno. Durata attuale: $I$s.
2110992291|483c9092||In combattimento, il danno dell'arma aumenta di $I$ punti per nemico. Ogni colpo andato a segno carica la spada. La spada completamente caricata si scarica in caso di colpo andato a segno, infliggendo danni critici con bonus alla potenza d'attacco del $I$% ignorando l'Armatura e resistenza ai danni. La scarica della spada inoltre danneggia e causa vacillamento ai nemici circostanti.<br><br>Colpisci per caricare completamente la spada: $I$. La carica decade nel tempo (uno per $I$ sec.) e si ripristina quando Geralt subisce danni.
2110992292|1f5adb4f||<br><br>Carica attuale: $I$/$I$. Bonus danno attuale: $I$ punti.
2110992293|0516c455||Probabilità di atterramento pesante
2110992294|f76f46ed||Uccidere un nemico cura il $I$% della Vitalità massima.
2110992295|fad8f82b||Uccidere un nemico dona $F$ Punti Adrenalina.
2110992296|ed2f3195||I danni inflitti da Scarica di Quen e Scudo Esplosivo è aumentato del $I$%.
2110992299|f2e69faf||Infliggere danni con attacchi carica la spada di energia. Quando si attacca con la spada completamente carica, il danno dell'arma viene aumentato del $I$% della vitalità dell'attaccante (se l'attacco ha successo, la vitalità viene prosciugata). Un forte attacco con la spada completamente carica genera una copia fantasma della spada che infligge danni aggiuntivi, che passa attraverso scudi, blocchi e armature e ignora le resistenze ai danni.<br><br>Colpisci per caricare completamente la spada: $I$. La carica decade nel tempo (uno per $I$ sec.) e si ripristina quando Geralt subisce danni. La spada completamente carica si scarica dopo $I$ sec. o dopo un attacco potente.<br><br>Carica attuale: $I$/$I$. Bonus al danno attuale per la spada completamente carica: $I$ punti.
2110992300|ba719645||Corretta esperienza per quest e combattimenti
2110992301|bdf0ea49||Umanoidi
2110992302|bafca59c||Guerrieri della Caccia Selvaggia
2110992303|82a5fd81||Totale
2110992304|98357039||Animali
2110992305|4153fdc1||Mostri
2110992306|c8dde11f||Uccisioni per tipo
2110992307|d8d52cd1||Conteggio uccisioni
2110992308|ba738dce||Umanoidi
2110992309|8e8b5e03||Creature uniche
2110992310|1f70c026||Aumenta la probabilità di colpo critico della balestra del $I$% e la potenza del colpo critico del $I$%.
2110992312|a5384b1f||Usa la modalità inventario sincronizzato di default
2110992313|da7e5ba8||Se hai almeno un punto adrenalina, verrà usato per lanciare un segno al posto del Vigore.
2110992314|63833111||Nessun livello aggiuntivo per le guardie
2110992315|329005f1||Tecniche difensive della Scuola del Lupo: parata, contrattacco, schivata. Parata, contrattacco e schivata riusciti riducono il danno subito a zero e prevengono tutti gli effetti negativi. Contrattacco effettuato con successo garantisce un ulteriore $I$% di probabilità colpo critico. Una parata parziale riduce i danni subiti del $I$% e previene sanguinamento. Il rotolamento garantisce l'immunità agli effetti atterramento e vacillamento e consente di schivare le freccie. Alcuni attacchi non possono essere schivati. Le frecce possono essere parate.
2110992316|1f70c028||Riduce i danni da sfioramento subiti quando si schiva del $I$%.
2110992317|8d17aaa0||Riduce il danno ricevuto dal tipo di mostro obbiettivo dell'unguento del $I$%. L'Unguento Migliorato riduce ulteriormente il danno del $I$% e l'Unguento Superiore - del $I$%. L'efficacia diminuisce con lo sfregamento dell'unguento dalla lama(fino al $I$% del valore originale).
2110992318|5f63dbf4||Consente la creazione di unguenti che possono essere applicati alle spade. L'efficacia dell'unguento diminuisce ogni volta che si sfrega la lama (fino al $I$% del valore originale).
2110992319|754d1890||Aumenta il guadagno di Adrenalina del $I$%. In aggiunta all'effetto Furia Combattiva, ogni Punto Adrenalina riduce anche il costo di Vigore delle azioni da mischia del $I$%.
2110992320|ff9b0dc7||Bonus set armatura pesante: +$I$% per tutte le resistenze al danno.
2110992321|2b2a501b||Bonus set armatura media: +$S$/sec al Tasso di Decadimento della Tossicità.
2110992322|31637b56||Bonus set armatura leggera: +$I$ gradi alla distanza dell'angolo di sicurezza delle schivate.
2110992323|90f6cc99||Garantisce l'immunità all'avvelenamento. I veleni guariscono del $S$% del danno da veleno per ogni set equipaggiato(Tasso di guarigione attuale: $S$%).
2110992324|a0268440||Bonus Potenza di Attacco
2110992325|d23efdaf||Subire danni aumenta l'Adrenalina di $S$ punti per ogni pezzo set equipaggiato (bonus attuale: $S$ punti). Ogni Punto Adrenalina aumenta ulteriormente la Potenza d'Attacco del $S$% per ogni pezzo set equipaggiato (bonus attuale: $S$%).
2110992326|85e8fbd2||Fino a tre diversi unguenti possono essere applicati contemporaneamente a una spada. Ogni unguento applicato aumenta la probabilità di colpo critico del $S$% e la potenza del colpo critico del $S$%.
2110992327|99d7dea8||Livellamento nemici
2110992328|b9a7283e||Esperienza
2110992329|137fa103||Gameplay
2110992330|de9dbdb0||Kit di smontaggio
2110992331|54df196a||Permette di smontare oggetti indesiderati e creare componenti.
2110992332|cd3869e4||Kit di smontaggio Alchemico
2110992333|4d09bbea||Permette di smontare i componenti alchemici.
2110992334|0544643a||Smonta
2110992336|d23efdb0||I danni inflitti con un attacco potente ripristinano il $S$% del Vigore speso in quell'attacco.
2110992337|e9c58057||Lanciare un Segno costa il $I$% di Vigore in meno, ma tutte le azioni da mischia (escluso gli attacchi speciali) costano il $I$% di Vigore in più.
2110992338|eb7a58f6||Tutte le azioni dannose da mischia (escluso gli attacchi speciali) costano il $I$% di Vigore in più, ma infliggono il $I$% di danno in più.
2110992339|e810a7b8||Tutte le azioni da mischia (escluso gli attacchi speciali) costano il $I$% di Vigore in meno, ma tutti i Segni costano il $I$% di Vigore in più.
2110992342|cea7442f||Devi sempre entrare in combattimento con almeno $S$ Punti Adrenalina. La generazione dei Punti Adrenalina è aumentata del $I$%.
2110992343|b616490f||Dimeritium
2110992344|63cd93a3||Rilascia una nuvola di scaglie di dimeritium che bloccano la magia primitiva e le abilità magiche dei mostri. Indebolisce l'armatura delle creature magiche. Indebolisce i maghi, riducendone i loro danni.
2110992345|63cd93a4||Rilascia una nuvola di scaglie di dimeritium che bloccano la magia primitiva e le abilità magiche dei mostri. Indebolisce l'armatura delle creature magiche. Indebolisce i maghi, riducendone i loro danni. Dura più a lungo.
2110992346|63cd93a5||Rilascia una nuvola di scaglie di dimeritium che bloccano la magia primitiva e le abilità magiche dei mostri. Indebolisce l'armatura delle creature magiche. Indebolisce i maghi, riducendone i loro danni. Dura più a lungo.
2110992347|db81c2af||Penetrazione armatura
2110992348|ec4dca6f||Durata nuvola
2110992349|15dda91c||Every known level 1, 2 and 3 potion, bomb and oil formula, alchemy substance and mutagen decoction formula increases maximum Toxicity by 1 point, up to +$I$ points max. Bonus attuale è di $I$ punti.
2110992350|1517ddcf||Every known level 1, 2 and 3 potion, bomb and oil formula, alchemy substance and mutagen decoction formula increases maximum Toxicity by 1 point, up to +$I$ points max. Bonus attuale è di $I$ punti.
2110992351|1517ddd0||Every known level 1, 2 and 3 potion, bomb and oil formula, alchemy substance and mutagen decoction formula increases maximum Toxicity by 1 point, up to +$I$ points max. Bonus attuale è di $I$ punti.
2110992352|f5503350||Vigore
2110992353|0083ce65||Effetti Prolungati
2110992354|8d17aa9f||Estende il tempo di durata delle pozioni del $S$%.
2110992355|15dda919||La Tossicità scende più rapidamente di $S$ punti al secondo.
2110992358|8d17aa9e||Diminuisce la tossicità della pozione di $S$ punti.
2110992359|0083ce64||Birraio esperto
2110992360|917ce1b5||Armatura di Kaer Morhen
2110992361|25cb5427||Armatura di Kaer Morhen Migliorata
2110992362|25cb5428||Armatura di Kaer Morhen Superiore
2110992363|25cb5429||Armatura di Kaer Morhen Gran Maestro
2110992364|92488c52||Pantaloni di Kaer Morhen
2110992365|2256cb84||Pantaloni di Kaer Morhen Migliorati
2110992366|2256cb85||Pantaloni di Kaer Morhen Superiori
2110992367|2256cb86||Pantaloni di Kaer Morhen Gran Maestro
2110992368|9189a437||Stivali di Kaer Morhen
2110992369|55b17e29||Stivali di Kaer Morhen Migliorati
2110992370|55b17e2a||Stivali di Kaer Morhen Superiori
2110992371|55b17e2b||Stivali di Kaer Morhen Gran Maestro
2110992372|a808dd84||Guanti di Kaer Morhen
2110992373|c9479836||Guanti di Kaer Morhen Migliorati
2110992374|c9479837||Guanti di Kaer Morhen Superiori
2110992375|c9479838||Guanti di Kaer Morhen Gran Maestro
2110992376|e17342fd||Armatura di Kaer Morhen
2110992377|7656b740||Pantaloni di Kaer Morhen
2110992378|ae52593b||Stivali di Kaer Morhen
2110992379|cc58d3d4||Guanti di Kaer Morhen
2110992380|41dddfc6||Il tasso di rigenerazione del Vigore aumenta di $S$ per ogni nemico aggiuntivo in combattimento (max. $S$).
2110992381|44aa9fca||Tossicità
2110992382|f4fd119f||La Tossicità riserva un importo della tua Tossicità massima per la durata dell'effetto del decotto.
2110992383|7d183fe6||Guadagno Adrenalina Attacco Rapido
2110992384|7cddfb97||Guadagno Adrenalina Attacco Potente
2110992386|d02fd0a4||Una volta raggiunto il livello massimo, i Punti Adrenalina diminuiscono costantemente fino a raggiungere lo zero ad un tasso di $S$ punti per sec. Durante questo periodo la Vitalità si rigenera più velocemente del $S$%/sec, il Vigore si rigenera più velocemente del $S$%/sec, e la tossicità diminuisce più velocemente del $S$ punti/sec.
2110992387|f098e2d3||L'attacco base di Igni colpisce tutti gli avversari in un raggio di 360 gradi e infligge $I$ danni in più (scala con l'Intensità del Segno). La probabilità di Incenerimento è diminuita del $I$%.
2110992388|fc92152b||Essere colpiti più di una volta entro $S$ sec ti rende immune ai danni per i prossimi $S$ sec.
2110992389|e71d7c8c||Quando i nemici ti danneggiano in combattimento corpo a corpo, ottengono un effetto Acido che riduce la loro Resistenza al Danno del $I$% (max $I$%).
2110992390|fc92152c||Il danno inflitto ai nemici in forma spettrale viene aumentato dal $I$% al $I$% del danno normale. I danni subiti dai nemici in forma spettrale sono ridotti del $I$%.
2110992391|18fb4c67||Rigenerazione Vigore in combattimento (aggiuntivo)
2110992392|fb3a17d6||Rigenerazione Vigore fuori dal combattimento (aggiuntivo)
2110992393|18fca984||Rigenerazione Vitalità in combattimento (aggiuntivo)
2110992394|fb3b74f3||Rigenerazione Vitalità fuori dal combattimento (aggiuntivo)
2110992395|866370a2||Modificatore costo azione corpo a corpo
2110992396|90a0845c||Modificatore costo azione Segno
2110992397|852e4f73||Ritardo rigenerazione Vigore (aggiuntivo, secondi)
2110992398|dd7afaaa||L'attacco è la migliore difesa
2110992399|754d18b0||Uccidere un nemico ripristina il $I$% del tuo Vigore (nessun tempo di recupero). I colpi critici e contrattacchi riusciti ripristinano il $I$% del tuo Vigore ($S$ sec di ricarica).
2110992400|cf56fd86||Ricarica Turbine
2110992401|c9405593||Ricarica Lacerazione
2110992402|27591c8a||Ricarica Aard
2110992403|3b779b63||Ricarica Igni
2110992404|16ae6564||Ricarica Yrden
2110992405|a4abc76f||Ricarica Quen
2110992406|61b3e4e5||Ricarica Axii
2110992407|ea3ff249||Ricarica speciale corpo a corpo (secondi)
2110992408|63da8c4f||Ricarica Segno (secondi)
2110992409|da8dff85||Costo Vigore attacco rapido
2110992410|da53bb36||Costo Vigore attacco potente
2110992411|dac2e517||Costo Vigore parata
2110992412|9df940ab||Costo Vigore contrattacco
2110992413|da1ff246||Costo Vigore schivata
2110992414|49202c2e||Costo Vigore rotolamento
2110992415|838b858b||Costo Vigore corsa
2110992416|491c9fdf||Costo Vigore salto
2110992417|491c26c4||Costo Vigore usa oggetto
2110992418|49183e03||Costo Vigore Aard
2110992419|491bf70a||Costo Vigore Igni
2110992420|db493cc3||Costo Vigore Yrden
2110992421|491fcd7e||Costo Vigore Quen
2110992422|49189348||Costo Vigore Axii
2110992423|fe37faf4||Consumo Vitalità overdose 
2110992424|1f5ba9f0||Tasso di decadimento Tossicità
2110992425|1050a15c||Tossicità disponibile
2110992426|736e017e||Equipaggiamento leggero. Offre una protezione minima. Le azioni di combattimento richiedono meno Vigore.
2110992427|320650a7||Equipaggiamento medio. Offre una protezione ottimale.
2110992428|942892ef||Equipaggiamento pesante. Offre la migliore protezione. Le azioni di combattimento e il lancio dei segni richiedono più Vigore.
2110992429|6d1ad461||L'armatura leggera non offre molta protezione, ma le tue azioni in combattimento richiedono meno Vigore quando equipaggiate. L'armatura media e l'armatura pesante assorbono più danni, con la differenza che l'armatura pesante richiede più Vigore per le azioni di combattimento.
2110992430|4080bc95||Infliggendo danni in combattimento curi il $S$% della massima Vitalità per ogni pezzo del set (attualmente $S$%).
2110992431|5590084c||Tempo di recupero Segno alternativo (secondi)
2110992432|d46535e3||Lancio istantaneo del segno con il tasto di selezione del segno
2110992433|9ec8a224||Ripristina immediatamente una parte di Vitalità e blocca il sanguinamento.
2110992434|9ec8a225||Ripristina immediatamente una grande porzione di Vitalità e blocca il sanguinamento.
2110992435|9ec8a226||Ripristina immediatamente tutta la Vitalità e blocca il sanguinamento.  Concede l'immunità al danno per breve tempo.
2110992436|fc921529||Ogni Mutagene Rosso Minore equipaggiato riduce il costo di Vigore delle azioni da mischia del $S$%. Mutagene Rosso aumenta il bonus del $S$% e il Mutagene Rosso Maggiore - del $S$%.
2110992438|db289661||Costo Vigore Turbine
2110992439|492006da||Costo Vigore Lacerazione
2110992440|6fd9d47c||Possibilità di smembrare
2110992441|ccb8d32f||QoL
2110992442|7cc7f3f3||Soglia sfx Vigore basso (percentuali)
2110992443|2f23ba87||Volume sfx Vigore basso
2110992444|909fc586||Usa un volume dinamico sfx Vigore basso
2110992445|b55191ac||Tasso sfx Vigore basso
2110992446|8356e68d||Usa tasso dinamico sfx Vigore basso
2110992447|6f6ee452||Preimpostazioni QoL
2110992448|9be2d670||Raccomandato
2110992449|433edeb8||Spento
2110992450|f0a5cdc0||Preimpostazioni Gameplay
2110992451|76c320d6||Predefinito
2110992452|5c5d3961||Preimpostazioni Esperienza
2110992453|e30aa64b||Preimpostazioni Ridimensionamento
2110992454|15dda917||Quando consumato, il decotto mutagene aumenta la Vitalità massima di $I$ punti per ogni punto tossicità per la durata effettiva dei decotti.
2110992455|e71d7c8b||Il danno non-critico inflitto con la spada aumenta la probabilità di colpo Critico per gli attacchi successivi del $I$% (max $I$%). Quando hai il bonus massimo, ricevi il $I$% in più alla Potenza del Colpo Critico. Il bonus si ripristina quando il colpo critico successivo va a segno e alla fine del combattimento.
2110992456|0391a988||Riduzione danno
2110992457|fc92150b||La gravità del Colpo di Reazione è ridotto a zero, se il danno ricevuto è minore del $I$% della tua massima Vitalità.
2110992458|47ae434f||Abilita la penalità alla rigenerazione del Vigore per le armature
2110992459|c87c8420||Vanilla(ish)
2110992460|40851a26||La durata della Trappola Magica è aumentate del $I$%. Ora puoi posizionare un ulteriore Trappola Magica.
2110992461|6a758d69||Raggio d'azione Trappola Magica
2110992462|dd7afa8f||Intenditore
2110992463|754d1895||Reduces alcohol and toxic food toxicity to zero. Removes drunken effect from alcohol. After drinking an alcoholic beverage, its bonuses last longer by $S$%.
2110992464|a1370329||Aumenta l'apporto di ossigeno e migliora la visione durante l'immersione.
2110992471|1b06cd09||Ogni volta che uccidi un nemico, il tempo rallenta per un breve periodo.
2110992474|0ced58f4||Bonus per tipo di equipaggiamento:
2110992475|5a519178||Ripristina la Vitalità proporzionalmente al danno inflitto.
2110992476|2ae9db22||Consumo Vitalità
2110992477|e71d7c8d||Tutte le bombe e pozioni (ma non i decotti) possono essere usate una volta in più.
2110992478|fc921506||Aumenta la potenza del colpo critico del $I$% quando si attacca dalle spalle.
2110992479|fc92152a||Il $I$% del danno ricevutio dal Witcher viene riflesso sull'attaccante.
2110992480|9691af88||Riduzione resistenza danni
2110992481|fc92150e||Quando il Withcer viene attaccato alle spalle, viene attivato Quen che riduce il danno ricevuto. Quando ci sono spettri ostili nelle vicinanze, la Potenza di Quen è aumentata del $S$%.
2110992482|6ac22a47||Bonus Danno
2110992483|d400b4dd||Resistenze ai Danni
2110992484|fc92150c||Il danno inflitto con un'arma da mischia aumenta l'Intensità del Segno del $I$% (max $I$%). Si ripristina dopo aver lanciato un segno e alla fine del combattimento.
2110992485|e71d7c8f||Infliggere danni da mischia ai nemici aumenta la tua Potenza d'Attacco del $S$% (max $S$%). Essere colpiti riduce il bonus proporzionale al danno ricevuto: il $S$% per 1% di salute persa. Si ripristina alla fine del combattimento.
2110992486|fc92150a||Infliggere danni da mischia ai nemici aumenta il tuo Guadagno di Adrenalina del $S$% (max $S$%). Essere colpiti riduce il bonus proporzionale al danno ricevuto: il $S$% per 1% di salute persa. Si ripristina alla fine del combattimento.
2110992487|fc921528||Ottieni il +$I$% Potenza Attacco, +$I$% Intensità del Segno, +$I$/s Rigenerazione del Vigore e +$I$% al guadagno di Adrenalina quando la tua salute è al $I$% o inferiore. Si ripristina quando riacquisti la tua salute e alla fine del combattimento. Tempo di recupero $I$ sec.
2110992488|fc921507||Ottieni +$I$ alla rigenerazione della Vitalità fuori dal combattimento e +$I$ alla rigenerazione della Vitalità in combattimento. Quando il tuo Vigore è al $I$% o inferiore, ottieni un ulteriore +$I$ alla rigenerazione della Vitalità in combattimento.
2110992489|fc92150d||Quando uccidi un nemico, ottieni +$I$ alla rigenerazione della Vitalità per ogni nemico vivo nelle vicinanze. Il bonus massimo non può superare +$I$. Si ripristina alla fine del combattimento.
2110992490|fc921508||Quando uccidi un nemico, ottieni +$I$ alla rigenerazione del Vigore in combattimento per ogni nemico vivo nelle vicinanze. Il bonus massimo non può superare +$I$. Si ripristina alla fine del combattimento.
2110992491|754d1896||Ignori gli effetti bomba e dardi speciali. I danni causati dalle bombe e dai dardi sono dimezzati.
2110992492|8d17aaa2||Critical hit power against the targeted enemy type is increased by $S$% for each Adrenaline Point available (up to $S$% max).
2110992493|1d8e4094||Timer Fondicorazze
2110992494|71e9492e||Modificatore costo azione Corsa/Salto
2110992495|6438ae90||Usa bonus di livello progressivo
2110992496|fefc523f||Delta di livello
2110992497|1a893f11||Abilità per delta di livello
2110992498|42290b15||Hardcore
2110992499|eee40a34||Colpire i nemici con Aard riduce il loro Vigore del $I$%, aumentando anche la possibilità di atterramento e atterramento pesante.
2110992500|c5f2bcea||Aumenta il range di Turbine di $S$ metri e Lacerazione di $S$ metri. Il danno finale inflitto da questi attacchi è diminuito del $S$%.
2110992501|257f1e14||Quando inizi a combattere, otterrai automaticamente uno scudo Quen senza usare Vigore e un bonus del $I$% alla Potenza del Segno.
2110992502|c43de44b||Dopo aver lanciato un Segno, viene consumato un Punto Adrenalina e il tuo prossimo attacco con la spada viene caricato con il potere di quel Segno. Aard: atterramento (le probabilità dipendono dalla potenza di attacco)). Igni: il $S$% del danno dell'arma viene aggiunto come danno da Fuoco (scala con Potenza d'Attacco). Yrden: l'effetto di rallentamento viene applicato per $S$ sec. Quen: cura Geralt per il $S$% del danno inflitto. Axii: l'effetto di confusione viene applicato per $S$ sec.
2110992504|0083ce63||Reintegrazione
2110992505|0083ce62||Ristoro
2110992506|8d17aa9c||Ogni dose di pozione bevuta ripristina il $I$% del Vigore massimo.
2110992507|f9241f8c||L'eccesso di Adrenalina generata rallenta il tempo di scadenza della pozione del $S$% per 1% di Adrenalina in eccesso (3 punti = 100%). Il bonus massimo non può superare il $S$%. Il bonus si ripristina quando si perde Adrenalina e alla fine del combattimento.
2110992508|fa56c289||Danno da fuoco su esplosione
2110992510|cea74419||Quando si lancia un segno, 3 punti di adrenalina (se disponibili) verranno consumati per aggiornare il segno al livello più alto (sbloccando tutti i bonus) e aumentare l'Intensità del Segno del $I$%. Se Gestione della Rabbia è attiva, i punti di adrenalina non vengono consumati immediatamente, ma il costo del lancio del segno viene triplicato.
2110992511|c1e6ad8c||Quando si lancia un segno, 3 punti di adrenalina (se disponibili) verranno consumati per aggiornare il segno al livello più alto (sbloccando tutti i bonus) e aumentare l'Intensità del Segno del $I$%. Se Gestione della Rabbia è attiva, i punti di adrenalina non vengono consumati immediatamente, ma il costo del lancio del segno viene triplicato.
2110992512|c1e6ad8d||Quando si lancia un segno, 3 punti di adrenalina (se disponibili) verranno consumati per aggiornare il segno al livello più alto (sbloccando tutti i bonus) e aumentare l'Intensità del Segno del $I$%. Se Gestione della Rabbia è attiva, i punti di adrenalina non vengono consumati immediatamente, ma il costo del lancio del segno viene triplicato.
2110992513|e2e48f8a||Deviazione
2110992514|cea74410||I danni subiti da parate parziali e contrattacchi sono ridotti ulteriormente del $I$% ( $I$% totale). Le parate perfette riflettono le frecce sull'attaccante.
2110992515|c1e68bc3||I danni subiti da parate parziali e contrattacchi sono ridotti ulteriormente del $I$% ( $I$% totale). Le parate perfette riflettono le frecce sull'attaccante, il danno delle frecce riflesse è aumentato del $I$%.
2110992516|4e736cfc||I nemici uccisi da Igni (Incenerimento o Fuoco) esplodono causando $I$ danni ai nemici entro un raggio di $I$-metri e gli applica incenerimento su di loro. Il danno scala con l'Intensità del Segno.
2110992517|198d31bb||Ogni nemico controllato da Marionetta di Axii aggiunge il $I$% alla tua Potenza d'Attacco e Intensità del Segno (fino al $I$%).
2110992518|20609437||Ogni nemico affetto da Confusione di Axii aggiunge il $I$% alla tua probabilità di colpo critico e potenza del colpo critico (fino a $I$%).
2110992519|1dc1cde4||Soglia Overdose
2110992520|b93269f0||I tuoi avversari hanno un Vigore limitato. Quando il loro Vigore è esaurito, non saranno in grado di combattere nel modo più efficace.
2110992521|6d1ad3cb||Presta attenzione ai numeri del livello dei tuoi nemici e al loro colore. Verde indica che sono vicini al tuo livello, rosso che sono una sfida, mentre un icona a forma di teschio indica che sono mortali.
2110992522|6d1ad3a6||Affilare la lama su una mola migliorerà le sue capacità di combattimento.
2110992523|6d1ad427||Colpisci un avversario mentre cavalchi verso di lui ad alta velocità per aumentare il danno.
2110992524|b93269e9||Colpire alle spalle aumenta la tua probabilità di colpo critico.
2110992525|6d1ad3e4||Quando lanci una bomba o un dardo della balestra, puoi sfruttare la mira automatica per un attacco rapido o mirare manualmente per un danno migliore.
2110992526|6d1ad447||Puoi deviare dardi e freccie in arrivo con la tua spada.
2110992527|363f99af||Puoi usare Quen per proteggerti da effetti critici come Incenerimento, sanguinamento, ecc.
2110992528|6d1ad3cc||Schivare di solito è la tatica migliore contro mostri enormi. Quando combatti contro umani e mostri più piccoli, prova a parare e contrattaccare i loro attacchi con la tua spada.
2110992529|c3f5389e||Turns the blood of the witcher into a highly caustic acid. Toxicity Decay Rate is decreased by $S$%. Whenever you take melee damage, your blood causes the attacker to lose $S$ point(s) of their health for every 1 point in your Toxicity level per second (current value: $S$ pts; max value: $S$ pts). The effect lasts $S$ sec. Slows down the attacker's stamina regeneration by $S$%.
2110992530|3a84c328||Increases poison resistance, neutralizes the effects of poisons already in bloodstream.
2110992531|3a84c329||Increases poison resistance, neutralizes the effects of poisons already in bloodstream. Extended duration.
2110992532|3a84c32a||Increases poison resistance, neutralizes the effects of poisons already in bloodstream. Extended duration. Grants temporary immunity to poison effects.
2110992533|        |attribute_name_poison_immunity_duration|Poison immunity duration
2110992534|437e276a||Accelerates Stamina regeneration.
2110992535|437e276b||Accelerates Stamina regeneration.
2110992536|437e276c||Accelerates Stamina regeneration. Never expires at night.
2110992537|56747c55||Stops bleeding and increases bleeding resistance. Accelerates Vitality regeneration. Vitality regeneration pauses for 2 seconds upon receiving damage.
2110992538|56747c56||Stops bleeding and increases bleeding resistance. Accelerates Vitality regeneration. Vitality regeneration pauses for 2 seconds upon receiving damage.
2110992539|56747c57||Stops bleeding and increases bleeding resistance. Accelerates Vitality regeneration. Taking damage does not interrupt Vitality regeneration.
2110992540|c3f5389f||When you are about to take damage your skin absorbs and redistributes that damage over time instead: $S$ sec per each Adrenaline Point you have (up to $S$ sec max, at least 1 point is required to trigger the mutation). During this period your Adrenaline is drained at a speed of 1 pt per $S$ sec. If your Adrenaline reaches zero before the effect ends, all the remaining damage will be dealt at once.
2110992541|c3f538a2||Countering an enemy when their health is at $S$% or less kills them and triggers a finisher or dismemberment. Each Adrenaline Point increases the damage dealt when countering by $S$% (up to +$S$% max).
2110992542|363f9a0c||Deadly Precision is activated only when performing a counterattack.
2110992543|c3f5389d||Each fatal blow of your sword triggers a finisher or dismemberment. Upon entering combat you immediately get a bonus to your Attack Power for each skill equipped: +$S$% for a combat skill, +$S$% for any other skill. Getting hit decreases the bonus by $S$% per 1% of health lost. Killing an enemy fully restores the bonus and adds +$S$% more on top of it. Max bonus: $S$%. Resets at the end of the combat.
2110992544|        |item_name_mutation_trigger|Mutation Catalyst
2110992545|        |item_desc_mutation_trigger|This potion serves as a catalyst to activate Life Leech mutation.
2110992546|bab1daf6||Requires Mutation Catalyst potion to activate. Drains the life out of up to three surrounding enemies healing the witcher in the process. Drain rate is a sum of your weapon damage, Attack Power and Sign Intensity multiplied by Adrenaline Points and divided by the number of enemies. The effect lasts for $S$ sec and can only be activated once per $S$ sec. Current max drain rate: $S$/sec.
2110992547|b4ca2ff0||Life Leech
2110992548|da7e5ba1||Crossbow bolts deal $F$ pts more base damage.
2110992549|cea74415||Each bolt that hits its target now generates the same amount of Adrenaline Points as when using swords.
2110992550|754d1898||Damage dealt by a bomb's explosion generates $F$ Adrenaline Points. This value is not affected by any Adrenaline gain bonuses.
2110992551|c3f5389b||When drawn, magic, relic and witcher swords increase Sign base damage by $S$% of their own base damage.
2110992552|bab1daf7||Allows to imbibe up to $S$ decoction(s) with no toxicity cost. Each free decoction imbibed increases your chances to apply critical effects with both swords and Signs by $S$% (effect chance increases by $S$ times max). Witcher Senses help you see better in dark places.
2110992553|15dda918||Decreases decoction toxicity by $S$%.
